{
    "name": "root",
    "gauges": {
        "StealthAgent.Policy.Entropy.mean": {
            "value": 1.3120816946029663,
            "min": 1.3120816946029663,
            "max": 1.3155308961868286,
            "count": 3
        },
        "StealthAgent.Policy.Entropy.sum": {
            "value": 13085.390625,
            "min": 1352.36572265625,
            "max": 13161.890625,
            "count": 3
        },
        "StealthAgent.Step.mean": {
            "value": 719963.0,
            "min": 699991.0,
            "max": 719963.0,
            "count": 3
        },
        "StealthAgent.Step.sum": {
            "value": 719963.0,
            "min": 699991.0,
            "max": 719963.0,
            "count": 3
        },
        "StealthAgent.Policy.ExtrinsicValueEstimate.mean": {
            "value": 7.661661148071289,
            "min": 7.397056579589844,
            "max": 8.690751075744629,
            "count": 3
        },
        "StealthAgent.Policy.ExtrinsicValueEstimate.sum": {
            "value": 1302.482421875,
            "min": 118.3529052734375,
            "max": 1477.427734375,
            "count": 3
        },
        "StealthAgent.Environment.EpisodeLength.mean": {
            "value": 263.13157894736844,
            "min": 263.13157894736844,
            "max": 341.6666666666667,
            "count": 3
        },
        "StealthAgent.Environment.EpisodeLength.sum": {
            "value": 9999.0,
            "min": 1025.0,
            "max": 9999.0,
            "count": 3
        },
        "StealthAgent.Environment.CumulativeReward.mean": {
            "value": 20.857810192594403,
            "min": 9.653449773788452,
            "max": 28.52792172320187,
            "count": 3
        },
        "StealthAgent.Environment.CumulativeReward.sum": {
            "value": 792.5967873185873,
            "min": 19.306899547576904,
            "max": 1027.0051820352674,
            "count": 3
        },
        "StealthAgent.Policy.ExtrinsicReward.mean": {
            "value": 20.857810192594403,
            "min": 9.653449773788452,
            "max": 28.52792172320187,
            "count": 3
        },
        "StealthAgent.Policy.ExtrinsicReward.sum": {
            "value": 792.5967873185873,
            "min": 19.306899547576904,
            "max": 1027.0051820352674,
            "count": 3
        },
        "StealthAgent.IsTraining.mean": {
            "value": 1.0,
            "min": 1.0,
            "max": 1.0,
            "count": 3
        },
        "StealthAgent.IsTraining.sum": {
            "value": 1.0,
            "min": 1.0,
            "max": 1.0,
            "count": 3
        },
        "StealthAgent.Losses.PolicyLoss.mean": {
            "value": 0.1665523571272691,
            "min": 0.1665523571272691,
            "max": 0.16761683182169992,
            "count": 2
        },
        "StealthAgent.Losses.PolicyLoss.sum": {
            "value": 0.1665523571272691,
            "min": 0.1665523571272691,
            "max": 0.16761683182169992,
            "count": 2
        },
        "StealthAgent.Losses.ValueLoss.mean": {
            "value": 0.5302114466826121,
            "min": 0.45639650051792463,
            "max": 0.5302114466826121,
            "count": 2
        },
        "StealthAgent.Losses.ValueLoss.sum": {
            "value": 0.5302114466826121,
            "min": 0.45639650051792463,
            "max": 0.5302114466826121,
            "count": 2
        },
        "StealthAgent.Policy.LearningRate.mean": {
            "value": 0.00027846420717859993,
            "min": 0.00027846420717859993,
            "max": 0.00027874251708582995,
            "count": 2
        },
        "StealthAgent.Policy.LearningRate.sum": {
            "value": 0.00027846420717859993,
            "min": 0.00027846420717859993,
            "max": 0.00027874251708582995,
            "count": 2
        },
        "StealthAgent.Policy.Epsilon.mean": {
            "value": 0.19282139999999995,
            "min": 0.19282139999999995,
            "max": 0.19291416999999997,
            "count": 2
        },
        "StealthAgent.Policy.Epsilon.sum": {
            "value": 0.19282139999999995,
            "min": 0.19282139999999995,
            "max": 0.19291416999999997,
            "count": 2
        },
        "StealthAgent.Policy.Beta.mean": {
            "value": 0.00046482486000000016,
            "min": 0.00046482486000000016,
            "max": 0.0004652794329999999,
            "count": 2
        },
        "StealthAgent.Policy.Beta.sum": {
            "value": 0.00046482486000000016,
            "min": 0.00046482486000000016,
            "max": 0.0004652794329999999,
            "count": 2
        }
    },
    "metadata": {
        "timer_format_version": "0.1.0",
        "start_time_seconds": "1768088069",
        "python_version": "3.10.11 (tags/v3.10.11:7d4cc5a, Apr  5 2023, 00:38:17) [MSC v.1929 64 bit (AMD64)]",
        "command_line_arguments": "C:\\Users\\maksi\\AppData\\Local\\Programs\\Python\\Python310\\Scripts\\mlagents-learn Stealth.yaml --run-id=Train_01 --resume",
        "mlagents_version": "1.1.0",
        "mlagents_envs_version": "1.1.0",
        "communication_protocol_version": "1.5.0",
        "pytorch_version": "1.13.1+cpu",
        "numpy_version": "1.23.5",
        "end_time_seconds": "1768088198"
    },
    "total": 129.257755000006,
    "count": 1,
    "self": 0.0035109000018564984,
    "children": {
        "run_training.setup": {
            "total": 0.05528680000134045,
            "count": 1,
            "self": 0.05528680000134045
        },
        "TrainerController.start_learning": {
            "total": 129.1989573000028,
            "count": 1,
            "self": 0.16086899972287938,
            "children": {
                "TrainerController._reset_env": {
                    "total": 4.515655099996366,
                    "count": 1,
                    "self": 4.515655099996366
                },
                "TrainerController.advance": {
                    "total": 124.45022590028384,
                    "count": 24327,
                    "self": 0.14154880047863116,
                    "children": {
                        "env_step": {
                            "total": 119.77545329956774,
                            "count": 24327,
                            "self": 109.70031090080738,
                            "children": {
                                "SubprocessEnvManager._take_step": {
                                    "total": 9.963947799849848,
                                    "count": 24327,
                                    "self": 0.5777986993343802,
                                    "children": {
                                        "TorchPolicy.evaluate": {
                                            "total": 9.386149100515468,
                                            "count": 24254,
                                            "self": 9.386149100515468
                                        }
                                    }
                                },
                                "workers": {
                                    "total": 0.1111945989105152,
                                    "count": 24326,
                                    "self": 0.0,
                                    "children": {
                                        "worker_root": {
                                            "total": 63.29410029963037,
                                            "count": 24326,
                                            "is_parallel": true,
                                            "self": 23.7021399989535,
                                            "children": {
                                                "steps_from_proto": {
                                                    "total": 0.0002629000009619631,
                                                    "count": 1,