{"count":1,"self":115.0148608,"total":310.4972208,"children":{"InitializeActuators":{"count":2,"self":0.0012305999999999999,"total":0.0012305999999999999,"children":null},"InitializeSensors":{"count":2,"self":0.0025223999999999997,"total":0.0025223999999999997,"children":null},"AgentSendState":{"count":570467,"self":3.1383766,"total":4.6329818,"children":{"CollectObservations":{"count":114094,"self":0.1330306,"total":0.1330306,"children":null},"WriteActionMask":{"count":114094,"self":0.0318796,"total":0.0318796,"children":null},"RequestDecision":{"count":114094,"self":0.1910749,"total":1.3296949999999998,"children":{"AgentInfo.ToProto":{"count":114094,"self":0.1938344,"total":1.1386201,"children":{"GenerateSensorData":{"count":114094,"self":0.7235581,"total":0.9447857,"children":{"RayPerceptionSensor.Perceive":{"count":114094,"self":0.2212276,"total":0.2212276,"children":null}}}}}}}}},"DecideAction":{"count":570467,"self":187.8196736,"total":187.819671,"children":null},"AgentAct":{"count":570467,"self":3.0201894,"total":3.0216925,"children":{"AgentInfo.ToProto":{"count":112,"self":0,"total":0.0015030999999999998,"children":{"GenerateSensorData":{"count":112,"self":0,"total":0.0015030999999999998,"children":{"RayPerceptionSensor.Perceive":{"count":112,"self":0.0015030999999999998,"total":0.0015030999999999998,"children":null}}}}}}},"AgentInfo.ToProto":{"count":276,"self":0.0005287,"total":0.0042623999999999995,"children":{"GenerateSensorData":{"count":276,"self":0.0027351,"total":0.0037337,"children":{"RayPerceptionSensor.Perceive":{"count":276,"self":0.00099859999999999988,"total":0.00099859999999999988,"children":null}}}}}},"gauges":{"StealthAgent.CumulativeReward":{"count":388,"max":60.75333,"min":0,"runningAverage":29.40431,"value":36.31511,"weightedAverage":27.9720631}},"metadata":{"timer_format_version":"0.1.0","start_time_seconds":"1768088234","unity_version":"6000.3.1f1","command_line_arguments":"C:\\Program Files\\Unity\\Hub\\Editor\\6000.3.1f1\\Editor\\Unity.exe -projectpath C:\\UnityProject\\Dyplom -acceptSoftwareTermsForThisRunOnly -useHub -hubIPC -cloudEnvironment production","communication_protocol_version":"1.5.0","com.unity.ml-agents_version":"4.0.0","scene_name":"New Scene","end_time_seconds":"1768088545"}}